{"cameraMode":{"drawMode":0,"name":"Shaded","section":"Shading Mode"},"sceneLighting":false,"audioPlay":false,"sceneViewState":{"m_AlwaysRefresh":false,"showFog":true,"showSkybox":false,"showFlares":true,"showImageEffects":true,"showParticleSystems":true,"showVisualEffectGraphs":true,"m_FxEnabled":true},"in2DMode":false,"pivot":{"x":0.561615526676178,"y":0.4497802257537842,"z":0.012284502387046814},"rotation":{"x":-0.2765117287635803,"y":0.49989116191864016,"z":-0.17222420871257783,"w":-0.8025014996528626},"size":0.36742347478866579,"orthographic":false}