{"cameraMode":{"drawMode":0,"name":"Shaded","section":"Shading Mode"},"sceneLighting":false,"audioPlay":false,"sceneViewState":{"m_AlwaysRefresh":false,"showFog":true,"showSkybox":false,"showFlares":true,"showImageEffects":true,"showParticleSystems":true,"showVisualEffectGraphs":true,"m_FxEnabled":true},"in2DMode":false,"pivot":{"x":-0.08013439178466797,"y":0.05181366577744484,"z":0.6228275299072266},"rotation":{"x":0.10082431137561798,"y":-0.8858519196510315,"z":0.22838103771209718,"w":0.3911348581314087},"size":4.191067695617676,"orthographic":false}