{"cameraMode":{"drawMode":0,"name":"Shaded","section":"Shading Mode"},"sceneLighting":true,"audioPlay":false,"sceneViewState":{"m_AlwaysRefresh":false,"showFog":true,"showSkybox":true,"showFlares":true,"showImageEffects":true,"showParticleSystems":true,"showVisualEffectGraphs":true,"m_FxEnabled":true},"in2DMode":false,"pivot":{"x":-14.515969276428223,"y":6.222171783447266,"z":-29.487119674682618},"rotation":{"x":-0.04075969010591507,"y":0.20564503967761994,"z":0.00873900018632412,"w":0.9779433608055115},"size":0.6327558159828186,"orthographic":false}