{"cameraMode":{"drawMode":0,"name":"Shaded","section":"Shading Mode"},"sceneLighting":false,"audioPlay":false,"sceneViewState":{"m_AlwaysRefresh":false,"showFog":true,"showSkybox":false,"showFlares":true,"showImageEffects":true,"showParticleSystems":true,"showVisualEffectGraphs":true,"m_FxEnabled":true},"in2DMode":false,"pivot":{"x":-1.7136516571044922,"y":-0.12338704615831375,"z":0.7849305868148804},"rotation":{"x":0.045001689344644549,"y":0.11363227665424347,"z":-0.0051472675986588,"w":0.9925116896629334},"size":4.717311382293701,"orthographic":false}